Sleep_Hours,Study_Hours,Screen_Time,Exercise_Mins,Is_Weekend,Productivity_Label
5.872700594236813,7.2834554261777065,3.8513292883861965,30,0,2
8.75357153204958,5.824867297097083,7.419009473783581,30,0,1
7.659969709057025,3.78574854657695,10.729458358764083,0,0,0
6.993292420985183,8.324155177362538,9.322248864095613,0,0,1
4.780093202212183,7.162580552984913,10.065611478614498,30,1,1
4.779972601681013,2.463552454104022,8.587833667107173,0,0,0
4.290418060840997,9.198344660444583,8.922765645178526,0,0,1
8.330880728874675,8.402835186308522,10.491956515653193,30,0,2
7.005575058716044,9.548199219627316,4.49668008859186,0,1,2
7.540362888980227,7.531475575495239,6.894249636431405,60,0,2
4.102922471479012,6.520736763422109,4.212094418196022,60,0,1
8.849549260809972,4.76418732661557,11.87668007996647,60,1,1
8.162213204002109,9.39455635018612,11.440593396866133,60,0,2
5.061695553391381,8.794575005503674,2.394268113685059,30,0,2
4.909124836035503,1.4069680309557047,9.055751725156885,30,0,0
4.917022549267169,1.2373027704752682,11.252483174156659,30,0,0
5.521211214797688,4.388170301902447,3.8057534512733353,60,1,1
6.623782158161189,8.294979977036496,7.679452305526294,60,1,2
6.159725093210579,9.8854851638345,11.154882975880419,0,0,2
5.456145700990209,2.3537520199317536,2.339459785857988,0,0,0
7.059264473611897,6.347176438169216,8.9742026724684,60,0,1
4.697469303260209,4.428017709679194,4.973490073725507,60,0,1
5.4607232426760905,9.72922958033143,11.243961953765304,60,1,1
5.831809216468459,8.579070308221379,11.710582451653679,60,0,1
6.28034992108518,8.54495834240024,11.442664891134338,0,0,1
7.925879806965068,5.218238438154732,6.742142166574638,60,1,1
4.998368910791799,4.733375521038987,10.620426509893134,0,0,0
6.571172192068058,3.4606636473763563,10.445493985350703,60,0,0
6.962072844310212,1.507379469858344,5.191004732432557,60,0,0
4.232252063599988,8.782501386295479,10.289154741506774,60,1,1
7.037724259507192,8.316109082170698,2.370076347154926,0,0,2
4.8526206184364575,9.997459059575176,7.96269878482053,0,0,2
4.325257964926397,9.969731533665149,4.30008837287703,30,0,2
8.744427686266667,5.998885350423647,3.205668857772788,60,0,2
8.828160165372797,7.9208867366245945,2.7695320162920916,30,1,2
8.041986740582306,9.502891568941852,8.962887758781397,30,1,2
5.523068845866853,8.646826516096702,5.398749637680662,0,0,2
4.48836057003192,3.226132915688779,9.247667715287616,0,0,0
7.421165132560784,5.054897217790842,2.6535634079894237,30,0,1
6.200762468698007,2.162434736363455,5.152903378306103,60,0,0
4.610191174223894,9.586459245328502,7.394912923753372,0,0,2
6.475884550556351,6.455571710057921,9.907231648389637,60,1,1
4.171942605576092,3.0577852495311646,5.1875250293207,60,0,0
8.546602010393912,7.045306159652711,8.25891376437009,30,0,1
5.293899908000085,6.5631541641210625,10.85977748236187,30,0,1
7.31261142176991,4.223464462295564,8.158631881823045,30,1,1
5.558555380447055,2.022018329796661,4.329594747536338,30,1,0
6.600340105889054,7.044158760335196,2.2440078155653804,0,1,2
6.733551396716399,5.68276930813414,10.700988739009299,0,0,1
4.924272277627635,7.950865525620754,2.2126941085038716,30,0,2
8.847923138822793,5.68147151000794,10.747016726841995,0,1,1
7.875664116805573,8.669633502866862,7.28937134027212,30,0,2
8.697494707820946,5.9671615489703695,11.390676985128962,60,0,1
8.474136752138243,6.0484417438184765,9.987832357736654,60,1,1
6.989499894055426,8.889882423925105,11.979341105333376,60,1,1
8.609371175115584,4.631345795911574,5.5071181545171015,30,0,1
4.442462510259597,2.2061370560557667,9.67188288931127,60,0,0
4.979914312095726,1.2590440868200508,6.019309136092422,0,0,0
4.22613644455269,7.796235301062571,6.798756203039089,60,0,1
5.626651653816322,6.582785962181182,8.2750546321837,60,0,1
5.94338644844741,7.336717912893012,10.736771141863388,60,1,1
5.356745158869479,2.9166774535801965,11.840834691992951,0,1,0
8.143687545759647,2.2273432802809277,9.682734138645182,30,1,0
5.7837666334679465,1.1309019910109375,6.177667821673338,0,0,0
5.404672548436904,4.155288029259372,6.213570022770702,30,1,0
6.713480415791242,6.309259181691698,9.375823015888916,30,1,1
4.704621124873813,4.530196405897591,4.387771457683023,60,0,1
8.010984903770199,4.937274298213562,3.1047411313139466,30,1,1
4.372753218398854,9.137428250443735,5.546221576407765,0,1,2
8.934434683002586,4.134299203209704,4.8723899165408175,0,0,1
7.861223846483287,5.625905402438297,4.9630812045599,30,0,1
4.993578407670862,8.052877114670288,4.336077510499099,60,0,2
4.027610585618012,4.568885040891431,2.420931896363619,60,0,1
8.07730714227417,6.598780302050861,2.178739347334138,0,0,2
7.534286719238086,8.761273378720706,11.877223897360315,60,1,1
7.645035840204937,9.54568561291878,6.277731337358624,30,0,2
7.856351733429729,2.323661328361341,5.843266471596817,30,0,0
4.3702232586704515,9.339288626453449,8.7964728269307,0,0,1
5.792328642721364,5.429046637715844,4.182538878650641,30,0,1
4.579345297625649,3.324199494690625,11.499611839502254,0,0,0
8.315517129377968,5.132221806144352,9.863450144155522,30,0,1
7.11649063413779,9.820293177569294,2.894110023122595,0,0,2
5.654490124263246,5.4335628459358265,6.175807757849284,60,0,1
4.317791751430118,3.958764492587574,10.791183075621646,30,0,0
5.554911608578311,6.700607688850532,11.447320222914103,30,0,1
5.625916610133736,3.1613105690037377,6.674015112498697,0,1,0
7.64803089169032,1.6827699529779752,8.134113892107077,0,0,0
7.187787356776066,2.159917497195843,3.6703394609207525,30,1,1
8.436063712881634,2.152412550619952,11.911686261369766,0,0,0
6.361074625809747,2.3671242416106493,4.316717013834434,30,0,0
4.597971229691509,2.2494445538446914,11.427317741351256,60,1,0
7.566223936114975,6.767872703228932,8.496466489923684,0,0,1
7.803925243084487,2.6369207595923037,8.077367948788591,30,0,0
6.806385987847481,4.111005549914768,7.126885110165086,60,0,1
7.854835899772805,9.071095689154106,4.306698117177587,60,0,2
6.468977981821954,5.265654762365851,3.7652803200550826,30,0,1
6.61366414690997,7.008019646689244,4.204862090701754,0,0,2
6.137705091792748,2.5508788408146685,3.8643826214425454,30,0,0
4.127095633720476,2.730601169278037,9.795844735667533,60,0,0
4.539457134966522,1.3678175463983098,5.501252591667301,30,0,0
4.157145928433671,2.520415567649481,2.5784267656339637,0,1,0
7.182052056318902,3.5073130512876274,11.691026301408113,60,1,0
5.571779905381634,2.5930943584907213,10.837858849634257,30,0,0
6.542853455823514,1.7983228038135004,11.27752283195213,0,1,0
8.537832369630465,2.085722839905407,11.949078226464353,60,0,0
5.246461145744375,5.147008912294532,3.7389524921948727,0,0,1
6.051914615178148,2.8570034656521326,5.962420189026588,60,0,0
7.777755692715243,4.278428749432679,9.582384757040913,30,1,1
5.143990827458112,5.530755437693712,8.960206180537922,0,0,1
4.384899549143965,7.213553457664288,3.5389590633985506,60,0,1
5.44875726456884,1.3538092585698904,10.158331249906178,0,0,0
4.8061064362700225,8.194693590181384,4.244405718366607,0,1,2
8.648488261712865,6.6511035054181695,4.238176148226231,30,1,2
8.040601897822086,1.7358312875398472,7.3697442289341355,0,1,0
7.167018782552118,8.862207616960994,7.929399348417031,60,0,2
8.357302950938589,9.287851604786319,7.8008620783781115,60,0,2
8.018360384495573,1.5497016386937736,2.9148683739775487,60,0,1
4.932850294430179,3.4918988333248335,10.774608626303804,60,0,0
8.46279499244989,8.255811518137552,4.65600042588706,30,0,2
6.696711209578254,7.734337213452926,3.2951492128280417,0,0,2
8.037200775820313,2.6606891742073957,10.887480798689772,30,1,0
8.480456499617466,2.8841439100303927,11.556514982297534,0,1,0
5.590017374859319,4.334248925122438,10.621276172654506,0,1,0
4.550259622638384,5.360706866719192,10.09516074724878,0,1,0
5.139675812709708,6.564292943772664,8.552419806390217,30,0,1
6.135538943131282,4.320222756127952,7.5085737060913935,0,0,0
8.090073829612464,5.162812445198331,2.8698675991141016,30,1,1
8.303652916281717,7.727238443203809,6.084532130706987,60,0,2
4.034760652655954,1.330148826015381,5.72688517012314,60,1,0
6.553736512887829,3.2719324990961867,4.597537837603262,0,0,1
6.0870550157438945,7.420146272960972,9.234201136885849,30,0,1
5.110539052353651,9.056861539184794,6.9587573507877085,60,0,2
4.599326836668414,5.6050969790409955,2.8104621590764793,30,1,1
5.68807585701814,5.789021367387841,4.201832019498113,30,1,1
8.714548519562596,1.9645481020579845,8.83258763659596,0,0,0
5.616014660103776,5.026711301411092,2.761308594903002,60,1,1
6.59395310871683,5.793555398095209,10.512069140487688,0,0,1
7.515094794475889,3.1822345327125667,6.951465270139743,0,0,0
5.81814801189647,3.4231890785444286,6.80586577326648,60,0,0
8.858910413604804,4.395557467941604,7.924077846595176,60,0,1
8.812236474710556,1.1806407799995373,10.246809659251491,30,0,0
5.258911479126821,3.8987124902486046,5.4780920790219305,60,1,0
6.4862425294619275,2.9030320629689017,8.780161525590636,30,1,0
5.504391549083849,3.9474761696012317,7.657319639957911,30,0,0
5.424202471887338,2.077859186373261,4.670282701694213,30,0,0
4.184434736772664,9.014745526659055,10.78629986355158,60,1,1
7.047821669899484,6.342332081986438,9.97426021606928,0,1,1
6.5133951161443076,7.111920872300407,8.584518346584254,30,1,1
4.257393756249947,8.102541147466045,10.505817290942419,0,0,1
5.393232321183057,5.485979790361515,10.672942009598025,0,0,0
8.541329429833269,1.7822825927868133,9.083629767150349,60,0,0
5.197809453334862,5.83395887636693,10.37013328363672,0,0,0
4.7244743604561155,6.281570062187912,8.974714616692836,0,0,1
6.447263801387815,7.70895526765897,8.801407717603004,60,1,1
8.928252270553003,4.884935916067114,8.186113782151843,30,0,1
5.210276357557502,2.148222725160074,9.527166395576412,0,0,0
7.360677737029393,3.55398315218852,3.586051052930737,60,0,1
7.808098076643588,4.267740667587716,10.808707591989284,0,0,0
5.188187719961999,6.8132551719844106,10.71843527745232,0,0,1
7.641081743059297,6.137004742020207,2.2924728303455915,30,0,2
5.838915663596266,4.204870533080616,10.258167505647627,0,0,0
7.161529152967898,9.878637239136816,3.288698674734452,60,1,2
7.167648553804474,6.451973374211985,5.351188542591419,0,1,1
6.678873420373792,3.1350411256239505,9.435082562916078,30,0,0
4.451448850272041,1.9160422535836337,3.607598960483082,30,0,0
8.17651247794619,2.375732252658988,10.179670241190621,60,1,0
5.603900324858679,3.213619555460573,10.32134177957742,30,0,0
4.932592551999271,2.446132359336001,7.074677337608362,0,0,0
4.20387570777382,2.679103216461752,2.063858717168336,30,1,0
6.954464715941209,3.565856518244624,4.870381331749128,60,0,1
7.387821809211412,2.560362357652793,8.169269183757422,30,0,0
4.082939144639281,9.070888821637826,11.811861780274235,30,0,1
6.560465291496405,1.7221037109547799,8.318135270166684,30,0,0
5.1324788759896895,5.720602506132292,4.598035810641598,60,0,1
7.225863952047249,4.693571442906954,8.340057030996114,30,1,1
4.871832145024957,9.841407552177458,7.3998537971585545,30,0,2
7.45468869051233,2.008350119512471,9.798453951511437,0,0,0
5.933676731502687,4.580700391411675,3.0698063882695843,60,1,1
8.683649943683672,9.72523389947832,9.61027902502028,30,0,2
4.687604720729967,8.789564133045822,7.412665786761103,60,0,1
5.705331755251293,8.353648638543518,11.629920038589946,30,1,1
4.567367606202946,3.3211254434044584,5.418721660386861,30,0,0
8.623468091392814,2.5379882865105925,8.326218931339481,30,1,0
8.386696766904905,7.017788979319879,11.320281055100175,0,1,1
5.289708138575778,9.364383902148273,3.0250972799067926,0,0,2
7.299920230170895,6.010866037125368,11.372284872364512,0,0,1
8.08611100100608,6.144514205229099,8.878857223008133,60,1,1
6.776004057997312,3.5198118429425573,2.678370591051719,60,0,1
6.648252891780032,7.925436398727432,5.009635669468162,0,1,2
5.209261454502259,2.6833937370177106,9.081720886452816,60,0,0
4.465513839029496,3.913113127638193,2.673506014687717,30,0,1
8.486078789766633,4.828927947547751,7.8217046017627325,30,0,1
8.502090285816653,5.568493408160095,5.458830569529567,30,1,1
7.16550728636634,3.181687591735722,8.20915517767477,0,1,0
5.6951489552435035,2.033531422652832,2.4574203381251287,60,0,0
5.746047873063304,6.495580381974693,10.715368061523762,0,0,1
7.629778394351197,3.597674979162302,11.734889691773969,60,1,0
8.485551299762886,6.231143992803511,11.688778552856915,30,0,1
8.435432121325587,2.389264437467821,9.496518317429247,0,0,0
7.899377729288119,5.330260916693358,3.3008624013063197,60,0,1
7.210158230771439,5.793304892964272,9.582631959290225,60,0,1
4.4206998249752445,1.4664118314018422,2.245869164588015,30,1,0
4.808143570473069,4.029438503745285,2.2212355152899725,0,0,1
8.492770942635396,2.209732092450768,5.236102191495412,0,0,1
7.03214529829795,1.5703747342549097,6.886431904046658,0,0,0
4.045985258083149,9.909642091509507,9.704074178077931,30,1,1
4.50735771433016,3.9011846047725065,8.832953766065053,0,0,0
7.317508845540279,8.288870012691714,6.459027063767484,30,0,2
4.025307919231094,3.2917658928738747,4.736266662816659,30,0,0
4.804040257087493,7.133524500015364,11.971245001577111,30,1,1
6.743668946832931,7.842050739007179,6.261813022359729,60,0,2
7.459475988463466,6.360748665470599,6.513870243296755,0,0,1
7.259806297513003,5.244185696951425,3.636238211916692,0,0,1
5.1213465473027995,4.706568227325417,9.948095487499295,30,0,0
7.56089610673768,4.139814398886958,8.936822257814885,30,0,1
5.186245437484001,9.365762298230432,4.207696127887604,0,1,2
5.626998490796339,8.475574670089562,2.823810456158427,30,0,2
7.73245702559012,9.685242195998613,8.80499302074713,0,1,2
7.2481644952360735,2.1186750113699024,8.545112142811352,60,0,0
8.24611705247089,7.577807276832798,4.7325952699820935,30,1,2
7.288064461501717,9.44506411138934,11.508635622504103,0,0,2
6.841543016677358,2.6310975954909415,3.5105789178090023,30,0,1
4.468373839140463,1.5984664063009975,6.323348010426019,0,1,0
5.838579015297167,7.670085843610531,11.436159201675988,0,1,1
5.326011838408627,6.170258018619207,6.197273169261223,30,0,1
5.219948216895418,8.576458990824449,8.385259476640854,60,0,1
8.865052773762228,2.2579513896366055,5.975943979627942,0,1,1
5.965488623333802,8.15740580673901,4.7421520234867005,0,0,2
8.460232775885567,2.8146458804297008,11.839776479598282,0,1,0
7.1556931299863145,2.4729034857913406,6.09334006315043,60,1,0
7.974056517708242,2.4783921813789362,10.940992036791345,60,0,0
6.513185465525961,8.33117248208244,4.299546058910861,30,0,2
6.884519423131795,6.986774986265801,4.131047040250833,60,0,2
6.462588469094319,5.707588822922074,2.311340828845114,30,0,1
4.976214938990222,4.229474357111522,8.516668253758851,30,0,0
7.612260576307527,8.894804867317974,5.685263437237611,60,1,2
5.403861812204279,4.532005966803719,10.64358249839637,30,0,0
4.121579832157269,8.349394955244193,6.732099066915572,60,1,1
7.227361479535839,4.952214177131966,11.681934279147217,30,0,0
4.8855533970352445,4.392499864824169,3.8552551570312117,60,0,1
8.70229292176457,5.164118071026458,10.686231679556109,60,0,1
8.769642885012937,3.7124008674772786,9.765968527917417,30,0,1
8.574321951102242,7.72848442158626,9.70921844644052,0,0,1
5.850793501277222,5.5244835108323125,10.447832281168877,30,0,0
4.077283082644337,3.0899142563213555,9.610239909429989,60,1,0
8.641592812938626,9.096171159471115,8.262203216314154,0,0,2
6.140920741586571,4.455020992358903,3.3124487768238757,30,0,1
8.833274095218348,5.891975750025898,2.325261794912519,30,0,2
8.818099885446264,9.158248998680923,11.208478478156868,30,0,2
8.265047277336802,6.618141963225929,8.16650314520738,0,0,1
5.4722444603479286,2.0520823663752767,9.965372909761763,60,0,0
5.9254886430096265,9.458489112521276,6.815223515125501,30,0,2
8.255683357584285,6.6493724776427605,3.173081889623945,30,0,2
5.584610025781388,4.014150531913775,3.251857922025504,30,0,1
4.847463733430462,2.2534486539704854,8.855652872289713,30,1,0
6.784006312291751,8.146226703432664,6.303058948994627,30,0,2
8.680773870803904,6.580654803356621,4.005247267003368,60,0,2
7.480148983374865,5.801149827786894,6.915945467414369,60,0,1
6.850305850446825,9.045033247458619,2.642089370751341,30,0,2
4.485882468853843,8.097374901020777,7.819714019143988,0,1,1
7.075036133495849,2.365073917594761,4.689934044350977,60,0,0
8.950269250521316,3.805498610159934,9.975591006371882,0,0,1
4.7004200761826205,3.236402258330192,5.103619589235738,60,0,0
6.591648261818683,7.695516633154092,6.552201490818012,30,0,2
8.386865359639778,1.3017919126220145,2.1162053990810064,60,0,1
7.703843088771022,6.129007163841849,2.724468877945589,30,0,2
7.48507870497634,7.862128171666215,5.924935564066848,60,1,2
7.512420419935546,8.890890730855745,6.799388347171235,30,0,2
5.797455756098776,4.078735738443167,8.000205481193037,30,0,0
5.467959221322467,8.391315742048116,4.916625787093032,30,0,2
8.046805777392567,1.995685632596865,8.949818861265426,30,0,0
8.050566973395904,8.618070625610663,10.601223971892045,0,0,2
8.335361592900519,2.147397960987842,9.798509888933499,30,1,0
8.566202762782357,4.575585615043305,2.3961882534835715,0,1,1
6.556711994304689,8.175658292015981,6.805069472578289,0,0,2
6.507581473435998,2.349256846138964,3.0493017841817487,30,1,1
7.991475894833876,3.0632625570937733,4.4204501586252745,0,1,1
7.249819653888826,7.500273115537596,11.866625932671464,60,1,1
7.509834386288517,7.480328828914669,3.4249554290151325,30,0,2
7.978963347180505,6.770328695967676,6.988881534513561,0,1,1
8.450026709087831,7.2455360002039,8.18155734318119,30,0,2
5.689975784257679,5.884519990128366,9.024649705441039,30,1,1
5.87791476319972,3.266191530162575,7.5964868348691414,30,0,0
4.469909699204345,4.111263941535275,2.097708474191837,0,0,1
6.89140070498087,2.634379451212831,5.264613082439919,60,1,0
4.17971136898371,9.176055052002654,7.1771164338471145,60,0,1
6.327990090662301,6.250526152895084,2.8786649914483338,0,1,1
6.713223173537883,4.607662750872759,5.506269312091808,30,1,1
5.432706260641422,5.1580522327971945,2.3320310879136654,0,0,1
6.954166302845054,9.525550056506338,2.7857849715502074,0,0,2
4.152501249695247,2.380162628044722,5.96923276201596,0,0,0
4.186740943746072,6.276068488151175,3.3271575404306035,30,0,1
8.113002803298292,5.5529981099601935,7.675408482615581,0,0,1
5.800953207056315,6.503088118911831,8.894649691372656,30,1,1
4.635302563259424,1.1629916543875645,10.005866991090828,0,0,0
6.611216300274021,8.849115180497364,4.001502442448101,60,0,2
7.849967765493054,9.38906454235251,3.6748258225906976,0,1,2
5.079105137484216,6.086198652302881,3.0456784033440023,0,0,1
7.114452379095001,7.26985741489203,8.364302495436366,60,0,1
4.42673732496884,9.302494430595662,9.064757264869012,30,1,1
4.258408605843038,7.3651477088205874,2.3158614482564204,30,0,1
6.65677315784074,2.3728513862283522,11.362122462436899,0,1,0
6.7031756080505325,6.186595241501319,2.5197128365147243,60,1,2
7.187149507491033,6.460435417445703,7.412963353010705,30,1,1
7.6304566686133075,4.817176041721474,9.090605194509164,0,0,1
8.879260397312674,7.627998120622506,10.709691237460856,60,0,1
6.581501741505976,9.409303132921133,9.140869321324278,30,0,2
5.61478236470623,9.330116616160987,10.017280830697919,30,1,1
7.975930973843518,5.057554342637189,5.39450192542806,60,1,1
5.3541612563103715,2.019142412566797,10.148251137465122,60,0,0
6.1948571035281805,9.863570790661012,2.8011484638467516,60,0,2
4.39228190671133,8.550082778013408,10.948166560605276,60,0,1
4.126753717077287,2.1219641308294017,7.475923761537363,0,0,0
8.813242073389626,9.28757694355635,10.172977699624937,60,1,2
8.17990060256103,8.829067258559155,6.523182845183001,30,0,2
7.47987103046849,5.669542514134649,8.435776951965249,30,1,1
6.044764722071349,6.321478921704363,7.264026609361132,0,1,1
4.866471600354229,4.591024334831173,9.315895217553319,30,0,0
4.78218521335543,1.492854749398282,2.816299820305896,30,0,0
5.251214490822976,4.016775174813109,2.603520839905638,60,0,1
6.746133323530602,8.225681037382103,4.471032340101464,30,0,2
7.572979613500312,1.0416882070414257,3.5954468011318834,0,1,0
7.300986883588656,4.001492545220298,10.717835665922017,60,1,0
5.399669484729714,4.58351824231849,4.192139873580443,60,1,1
8.774326403315971,5.836560426441306,11.758652558191313,0,0,1
7.689484583478842,9.278700547714845,5.368957917711068,60,0,2
6.771770262557004,4.1171139492936515,3.821179156886993,60,1,1
7.058603731171761,4.122578817066049,9.89698507142479,0,0,0
6.09800031213895,7.637511232987736,8.58707775500876,60,0,1
5.238654947505787,5.069961468008264,6.98195716453139,0,0,1
5.779863393256308,3.021443406459838,7.553635509376313,0,0,0
7.789230552321845,5.07195564519424,9.192017782722639,30,0,1
4.071967443148779,2.2677131834181985,4.284547413312987,30,0,0
4.580363202534581,2.58748287855601,11.963339160567418,60,1,0
4.230013210108764,5.4853099546553175,11.747931621467831,60,0,0
4.203644011594851,4.770329045540931,8.50325686346937,0,0,0
8.277302920055035,9.2336131096129,3.9954245092914515,60,0,2
7.518289296900118,4.261545092049698,8.802282424312914,0,1,1
6.370869145436626,6.225295152502391,2.7219840897917584,0,0,1
4.489170803255007,6.690378591275773,2.306525022058061,60,0,1
6.458079375584162,1.1178501092950026,4.576828885112137,0,0,0
6.367358853902829,6.971836348150395,6.626229567393163,30,1,1
4.866009349550076,2.6023237018277627,10.682725054083805,60,0,0
6.169258246189865,9.649632857225097,9.27169069766308,30,1,2
5.992523671986867,2.3379645497780164,9.42706521199981,60,1,0
7.079250490261082,4.731617113543214,6.2549333444807536,0,0,1
7.175468254338218,1.7681470127077947,5.459349925469629,60,1,0
4.226520048860222,9.971868266613527,5.710387629846027,30,0,2
5.873063073132356,5.519755092981184,11.876495637360579,0,1,0
7.129299578571182,6.358465155880394,2.401091914124825,60,0,2
6.515681292900439,1.6036882964958474,10.670314961224486,60,1,0
8.28244920594161,7.7496442335926,7.786754085723934,60,0,2
7.293468158094726,2.889150337860272,6.386154191895905,30,0,0
4.8146721354071484,9.082488604966423,9.252576604151365,30,0,1
4.352843737002149,2.8462567643380643,6.866689414247029,60,0,0
7.212096391031578,2.716189485972999,10.734232380816605,0,0,0
4.132556552708109,1.328947010632854,11.007018640112586,0,0,0
6.928877906367316,5.248602505989993,6.217209268734554,30,0,1
8.701151207124788,6.083570199363548,4.768277972350516,0,0,2
6.877370889379395,1.5913777548551713,7.923503285933622,30,1,0
5.940849631032609,7.9797485502550956,11.12363345616691,60,0,1
7.216441092211766,5.079599512732249,4.106621890056665,30,0,1
6.291264452457583,5.7195124239482205,8.229665835634828,30,0,1
6.728083946579675,4.966864722444053,8.315602200925206,60,0,1
8.707324043882625,4.606867547877934,9.33113022415281,0,1,1
5.930513189003872,6.036762981773961,3.315676851272598,30,0,1
8.805952819119572,2.3971622133764123,9.158249646820884,30,1,0
8.526753209780319,2.63735317445744,11.09032520665641,60,1,0
4.978955673946482,8.756070589121656,3.7968310887024197,0,1,2
4.346806504375827,9.515039159202695,4.375433249238776,30,0,2
4.503890006887133,4.359783846517777,11.713950940416396,60,1,0
4.091109128257749,3.436702058291984,3.8097695270948977,30,1,0
4.472214803779642,6.795995889151142,10.543850933695792,60,0,1
7.415033867081784,4.678607539882868,6.922778564480348,0,0,1
4.355943242301145,1.2284772009431038,4.472310744031771,0,0,0
5.594878151468807,2.4053733762957132,10.707499012725114,0,0,0
8.224376554847272,7.443750059626578,6.453052550026655,0,0,2
4.116359678679129,6.930315477191362,7.148173539296902,30,0,1
8.072342412944678,1.2438639325313514,5.592333693997657,30,0,0
5.409273873867,2.997749457396545,7.9295085143492745,0,0,0
4.590824138108282,3.0796731692926427,3.6352387258502277,0,0,0
7.483685826820754,7.047034692388555,5.910815366517607,0,0,2
7.144714233899419,1.1773948397892773,11.694123223352875,30,0,0
8.387360067635264,1.9369772378611647,4.581334327011275,0,0,1
7.675355219019429,8.199244768358703,8.567366645412921,0,0,2
8.017404651924242,2.6069019584890025,5.251900642246949,0,1,1
5.410172862856532,6.874714970666872,9.734731256866006,60,0,1
4.887197718898614,3.1436450294205387,3.3087366071834983,0,0,0
7.753073758204292,1.8949725348341064,11.698210450785448,60,1,0
8.034173696336321,3.1885497189950867,6.5378954138363925,60,0,1
8.952525710003368,7.500402386700932,4.36050463346464,0,0,2
6.063088384557132,8.701268212956572,2.7349674733001264,60,1,2
5.860090428963916,8.471978781102925,3.697579050875407,0,1,2
7.882064803709984,4.5746517665660935,7.197739485560176,30,0,1
5.704017701265089,7.012766229135815,5.370031764312863,30,0,1
8.653786628017823,2.844858658742389,10.288833658826094,30,1,0
8.29206375921506,3.6383295723491194,6.308875236618059,30,0,1
6.1449701368750915,9.067022366690077,4.487142725876299,60,0,2
7.754355338957486,1.1170173115966242,8.171449866040302,0,1,0
7.772714370423412,1.7695767776902127,9.067772168854457,0,0,0
4.5156193441796635,2.870976296314246,3.6704190790094984,0,0,0
8.512764533397833,1.2387898348643773,3.6761921628831766,30,0,0
6.526261862239286,2.632918915808176,2.3667142693354295,30,1,1
8.13228733053871,6.247374048727229,9.364020150656405,0,0,1
5.600248005153059,4.792820955332481,8.638045276218051,30,0,0
8.477616142481002,9.034045399692774,6.746308757498139,0,0,2
5.946008393670816,8.356992055645968,10.441704489691972,0,0,1
4.054188257401492,4.076356165280884,10.056701529500533,0,0,0
8.52690988209632,3.3348109008816325,7.853543643967521,0,1,1
4.456433383930667,4.417231673505402,10.682712805132587,0,0,0
5.596568187952075,6.31265448263327,4.058412100367683,0,0,1
8.750309835254026,3.4125727674058863,3.1191961939772788,0,1,1
8.753035734687781,6.617340170642207,4.697496115169896,30,0,2
6.86718944061643,4.684704869721164,2.5708685608931487,0,1,1
7.159186060848996,5.968424627667822,7.31169528001032,0,0,1
6.242227609891598,4.92513876221785,11.366056922949614,30,0,0
5.466053858490323,3.650191835877259,2.3934354066850965,30,0,1
5.64332272684958,9.53607976265941,3.221099140100268,30,1,2
7.362592280385192,7.872452147437848,6.521990282834353,0,0,2
7.7618726471884,2.261018581898073,11.33875017527905,60,0,0
7.957895218629242,8.816211783081215,5.161561049767505,60,0,2
7.9480907139727694,5.386880784245623,7.072348086883924,30,0,1
4.456030515243452,9.050970042046822,2.415728590503921,60,0,2
6.472101523512907,8.198697303525837,3.4834320096208886,30,1,2
4.287793800083222,4.8269215402231005,11.86630122958847,0,0,0
6.747644411618678,1.2022237748810567,11.651186964360456,60,1,0
6.207652506866885,3.4180962344645147,2.049399809344096,0,0,1
8.4385209137915,5.874707931947802,11.51811785423239,60,0,1
5.754575062760393,6.701303978435325,8.391199378155004,0,0,1
4.585335082138029,3.3209891688988207,10.679182945200221,60,0,0
4.714958410264179,2.254204666655417,6.547398556338591,0,1,0
7.807553158587361,8.514372131193692,7.155960285792503,0,1,2
7.0910903165813055,9.85961962633197,6.888465802569202,60,0,2
4.505613380613951,5.731211640724172,8.668642575461043,0,0,0
4.420534030574987,2.5451135726347314,3.396512547563129,0,0,0
7.5048456572956,3.4507659386743206,2.2997358987267793,0,1,1
4.363815031820968,1.1655160889272005,5.079299415911909,60,0,0
8.109300296451782,9.228689259044492,9.046807627366467,60,0,2
7.531211135782481,2.05975974601127,4.018534521229483,0,1,0
4.406743903209499,6.188648279628282,8.734324333249173,0,0,1
4.42418857042596,3.466496986184854,11.699120461072704,60,0,0
8.933197892505877,5.9876020226421405,2.939007157894184,60,0,2
5.8713539787806015,6.862783495166778,8.726021182251262,0,1,1
5.8532107353344545,8.467676233364815,6.437502193045711,0,0,2
8.063997836287513,2.8577914458454288,10.681422543775053,0,0,0
8.736242886919293,1.0989624579263242,3.771497894473859,30,0,0
8.930005319114354,2.2319706706192655,8.926259522261645,60,0,0
7.766890926294709,9.100167776632945,10.381152896481103,30,0,2
5.881297927654579,8.865010698062637,11.446142194740233,60,0,1
4.417503583493344,6.376717919532775,8.832480282896459,60,0,1
7.885734579637184,6.40465174390288,6.971747640084273,60,0,1
6.792021248679025,6.9853300709163,8.178472402012138,60,0,1
6.1211100462348815,2.5783415076110465,10.689049844787181,60,0,0
8.53177192547368,9.229707513324637,7.706097466388297,60,1,2
4.555987411530757,4.768934724028658,2.303870596968369,60,0,1
6.4631255214542955,4.448246754245477,11.309486955069778,30,1,0
4.0567682238370955,5.670259347545538,8.895267510315612,0,1,0
6.343303209970632,1.4226937009754954,8.765133857772465,0,0,0
4.2815163784091865,2.4965503188047147,4.156751523977172,30,0,0
4.594089581340359,7.642302547837334,8.588854702326572,30,0,1
4.587631233885524,1.7451880113261382,5.938644056541585,30,0,0
7.246051510580318,6.428368985197494,8.51232977041492,30,0,1
7.730224396327117,3.2081419871318886,3.065930303079907,60,0,1
6.916843825485798,4.503660526377789,8.578453046030361,0,0,1
8.81086274237271,3.598243630936299,11.994137257706665,60,1,0
5.87435289761852,4.201054448184542,2.4821203886055603,0,0,1
5.428560431409304,7.471413146658209,11.771741842213173,0,1,1
8.3429956409473,3.6740954406085753,6.069079607228706,30,0,1
5.117979192597263,6.097641762672074,10.707534503372592,60,1,0
8.816112697203057,5.284453619791897,9.823854840582735,30,0,1
4.0607723734490815,6.973040488263833,7.6701626098666775,60,0,1
8.849394133538194,9.431467653922821,9.384492092513266,0,0,2
4.215799559752881,7.593148874892252,10.78515561301348,30,0,1
8.455715568490355,2.934463407316811,6.0414032165103295,30,0,1
6.638505545431499,1.2806482155515622,5.2703316156323865,0,1,0
8.964823980596503,3.360376398698426,8.675933855635847,0,0,1
4.368982823676994,6.355701376302293,10.078459419412585,0,0,0
6.769271422006604,1.462832321358253,9.622851347766158,30,1,0
8.846512678095495,5.467296224811127,9.978136488586344,60,1,1
6.615489220850744,6.371585640252003,6.35583314812933,30,0,1
7.146993190676312,4.008195017352648,10.178342161750216,60,0,0
7.478743444923086,7.938209833712397,3.2020905537060846,30,0,2
6.272705323838866,1.9593842782039461,7.444890979608496,30,0,0
7.137790400420317,1.6762400356222789,2.057586604981216,0,1,1
6.921571559615501,7.55369880583243,5.245858299002703,60,1,2
8.505790052454945,5.459421845855786,5.664615348713979,30,1,1
4.227231901707289,7.195621567849624,5.9617269160925535,30,1,1
5.4048159479611515,4.913446047433716,8.954672066898622,0,0,0
8.752057420382794,3.2176182991519613,5.885581012703457,0,1,1
8.451318919454582,8.371920859067798,6.486936226225307,60,1,2
6.278283763928565,8.194742910720812,4.375441308743275,30,0,2
7.100662989007684,7.252268237689841,5.732517916293401,60,1,2
5.386905914905663,3.449306235069664,4.2726962726315145,30,0,0
4.940605798618806,6.312076001821784,2.7319592376844364,60,0,1
6.318492024699911,4.248765072460241,8.03448593381378,0,1,0
5.766761140130264,1.8242386599397074,8.682127985550164,30,0,0
6.91828055925436,9.255822179160186,8.194903460096146,60,0,2
4.388673184824924,2.2313676782706526,6.6349404380057235,0,0,0
8.871974038330833,9.552136184387223,5.797857801792298,0,0,2
8.931053722398016,5.014051956621602,10.633336495718252,60,1,1
